"platform","account","content","status","scheduled_kst","url_or_id","last_evidence_date","evidence"
"Instagram","dongpoongi1","사이트 소개","게시 완료 (플랫폼 Published 목록 확인)","2026-10-02 21:00","18106819721267397","2026-10-04","2026-10-04/publishing-check.json#instagram"
"Instagram","dongpoongi1","필리핀 한국 여행 3장 카드뉴스","게시 완료 (플랫폼 Published 목록 확인)","2026-10-03 21:00","18423333439156395","2026-10-04","2026-10-04/publishing-check.json#instagram"
"Pinterest","korea_trip_hub","한국 여행 일정 소개","게시 완료 (프로필 재확인)","","https://www.pinterest.com/pin/1094022934514958304/","2026-10-04","2026-10-04/publishing-check.json#pinterest"
"Pinterest","korea_trip_hub","Visa or K-ETA","게시 완료 (프로필 재확인)","","https://www.pinterest.com/pin/1094022934514962621/","2026-10-04","2026-10-04/publishing-check.json#pinterest"
"Pinterest","korea_trip_hub","K-ETA 자격과 면제","게시 완료 (프로필 재확인)","","https://www.pinterest.com/pin/1094022934514962623/","2026-10-04","2026-10-04/publishing-check.json#pinterest"
"Pinterest","korea_trip_hub","출국 전 입국 확인","게시 완료 (프로필 재확인)","","https://www.pinterest.com/pin/1094022934514962622/","2026-10-04","2026-10-04/publishing-check.json#pinterest"
"Pinterest","korea_trip_hub","필리핀 한국 여행 비자 확인","게시 완료 (프로필 재확인)","","https://www.pinterest.com/pin/1094022934514962975/","2026-10-04","2026-10-04/publishing-check.json#pinterest"
"Backpackers","가입 진행","대만 한국 여행 사이트 소개","진행 제외 / 사용자 스킵 지시","","","2026-10-04","management/운영안내.txt (2026-10-04 사용자 스킵 지시)"
"Pinterest","korea_trip_hub","서울 3일 첫 여행 일정","게시 완료 (프로필 재확인)","","https://kr.pinterest.com/pin/1094022934514965907/","2026-10-04","2026-10-04/publishing-check.json#pinterest"
"Pinterest","korea_trip_hub","친구와 함께하는 서울 여행","게시 완료 (프로필 재확인)","","https://kr.pinterest.com/pin/1094022934514965944/","2026-10-04","2026-10-04/publishing-check.json#pinterest"
"Pinterest","korea_trip_hub","한국 여행 준비 체크리스트","게시 완료 (프로필 재확인)","","https://kr.pinterest.com/pin/1094022934514965967/","2026-10-04","2026-10-04/publishing-check.json#pinterest"
"Pinterest","korea_trip_hub","부산 바다 여행","게시 완료 (프로필 확인)","","https://kr.pinterest.com/pin/1094022934515068355/","2026-10-04","2026-10-04/publishing-check.json#pinterest"
"Pinterest","korea_trip_hub","Liburan ke Korea: Mulai dari Rencana Perjalananmu","게시 완료 (프로필 확인)","","https://kr.pinterest.com/pin/1094022934515069419/","2026-10-04","2026-10-04/publishing-check.json#pinterest"
"Pinterest","korea_trip_hub","Du lịch Hàn Quốc: Lên kế hoạch cùng bạn thân","게시 완료 (프로필 확인)","","https://kr.pinterest.com/pin/1094022934515069505/","2026-10-04","2026-10-04/publishing-check.json#pinterest"
"Instagram","dongpoongi1","부산 바다 여행","예약 완료 (플랫폼 Scheduled 목록 확인)","2026-10-04 21:00","","2026-10-04","2026-10-04/instagram-10days/scheduled-final.txt#busan"
"Instagram","dongpoongi1","인도네시아 한국 여행","예약 완료 (플랫폼 Scheduled 목록 확인)","2026-10-05 21:00","","2026-10-04","2026-10-04/instagram-10days/scheduled-final.txt#indonesia"
"Instagram","dongpoongi1","베트남 친구와 한국 여행","예약 완료 (플랫폼 Scheduled 목록 확인)","2026-10-06 21:00","","2026-10-04","2026-10-04/instagram-10days/scheduled-final.txt#vietnam"
"Instagram","dongpoongi1","서울 3일 여행 일정","예약 완료 (플랫폼 Scheduled 목록 확인)","2026-10-07 21:00","","2026-10-04","2026-10-04/instagram-10days/scheduled-final.txt#seoul3"
"Instagram","dongpoongi1","친구와 서울 여행","예약 완료 (플랫폼 Scheduled 목록 확인)","2026-10-08 21:00","","2026-10-04","2026-10-04/instagram-10days/scheduled-final.txt#bestie"
"Instagram","dongpoongi1","한국 여행 준비 체크리스트","예약 완료 (플랫폼 Scheduled 목록 확인)","2026-10-09 21:00","","2026-10-04","2026-10-04/instagram-10days/scheduled-final.txt#checklist"
"Instagram","dongpoongi1","여유로운 서울 여행","예약 완료 (플랫폼 Scheduled 목록 확인)","2026-10-10 21:00","","2026-10-04","2026-10-04/instagram-10days/scheduled-final.txt#slow"
"Instagram","dongpoongi1","한국 카페 여행","예약 완료 (플랫폼 Scheduled 목록 확인)","2026-10-11 21:00","","2026-10-04","2026-10-04/instagram-10days/scheduled-final.txt#cafe"
"Instagram","dongpoongi1","한국 야경 여행","예약 완료 (플랫폼 Scheduled 목록 확인)","2026-10-12 21:00","","2026-10-04","2026-10-04/instagram-10days/scheduled-final.txt#night"
"Instagram","dongpoongi1","여행 일정 만들기와 공유","예약 완료 (플랫폼 Scheduled 목록 확인)","2026-10-13 21:00","","2026-10-04","2026-10-04/instagram-10days/scheduled-final.txt#plan"
"Pinterest","korea_trip_hub","Busan Coastal Mood: Save Your Seaside Korea Inspiration","게시 완료 (프로필 게시물 URL 확인)","2026-10-04 21:00","https://kr.pinterest.com/pin/1094022934515150984/","2026-10-05","2026-10-05/pinterest-update/update-record.json"
"Pinterest","korea_trip_hub","Liburan ke Korea: Ide Itinerary untuk Perjalanan Pertama","예약 완료 (제목·설명·링크 업데이트, 하루 2개 일정 플랫폼 확인)","2026-10-05 21:00","https://kr.pinterest.com/korea_trip_hub/scheduled-pin/3914600576235994624/","2026-10-05","2026-10-05/pinterest-update/scheduled-2daily-final.txt"
"Pinterest","korea_trip_hub","Du lịch Hàn Quốc cùng bạn thân: Ý tưởng lịch trình tự túc","예약 완료 (제목·설명·링크 업데이트, 하루 2개 일정 플랫폼 확인)","2026-10-06 21:00","https://kr.pinterest.com/korea_trip_hub/scheduled-pin/3914602650368469248/","2026-10-05","2026-10-05/pinterest-update/scheduled-2daily-final.txt"
"Pinterest","korea_trip_hub","3 Days in Seoul: First-Time Korea Travel Itinerary Ideas","예약 완료 (제목·설명·링크 업데이트, 하루 2개 일정 플랫폼 확인)","2026-10-05 12:00","https://kr.pinterest.com/korea_trip_hub/scheduled-pin/3914604161190554816/","2026-10-05","2026-10-05/pinterest-update/scheduled-2daily-final.txt"
"Pinterest","korea_trip_hub","Seoul With Friends: Korea Trip Planning and Travel Ideas","예약 완료 (제목·설명·링크 업데이트, 하루 2개 일정 플랫폼 확인)","2026-10-06 12:00","https://kr.pinterest.com/korea_trip_hub/scheduled-pin/3914605688688642688/","2026-10-05","2026-10-05/pinterest-update/scheduled-2daily-final.txt"
"Pinterest","korea_trip_hub","Korea Travel Checklist: Visa, K-ETA and Entry Information","예약 완료 (제목·설명·링크 업데이트, 하루 2개 일정 플랫폼 확인)","2026-10-07 12:00","https://kr.pinterest.com/korea_trip_hub/scheduled-pin/3914609552583260928/","2026-10-05","2026-10-05/pinterest-update/scheduled-2daily-final.txt"
"Pinterest","korea_trip_hub","Slow Travel in Seoul: Relaxed Korea Sightseeing Inspiration","예약 완료 (제목·설명·링크 업데이트, 하루 2개 일정 플랫폼 확인)","2026-10-07 21:00","https://kr.pinterest.com/korea_trip_hub/scheduled-pin/3914613117506944512/","2026-10-05","2026-10-05/pinterest-update/scheduled-2daily-final.txt"
"Pinterest","korea_trip_hub","Korea Cafe and Food Inspiration for Your Travel Plans","예약 완료 (제목·설명·링크 업데이트, 하루 2개 일정 플랫폼 확인)","2026-10-08 12:00","https://kr.pinterest.com/korea_trip_hub/scheduled-pin/3914615167010914112/","2026-10-05","2026-10-05/pinterest-update/scheduled-2daily-final.txt"
"Pinterest","korea_trip_hub","Korea at Night: City Lights and Evening Travel Inspiration","예약 완료 (제목·설명·링크 업데이트, 하루 2개 일정 플랫폼 확인)","2026-10-08 21:00","https://kr.pinterest.com/korea_trip_hub/scheduled-pin/3914617021631456192/","2026-10-05","2026-10-05/pinterest-update/scheduled-2daily-final.txt"
"Pinterest","korea_trip_hub","Korea Trip Planner: Customize and Share Your Travel Itinerary","예약 완료 (제목·설명·링크 업데이트, 하루 2개 일정 플랫폼 확인)","2026-10-09 21:00","https://kr.pinterest.com/korea_trip_hub/scheduled-pin/3914618689655268160/","2026-10-05","2026-10-05/pinterest-update/scheduled-2daily-final.txt"
"Pinterest","korea_trip_hub","Philippines to Korea: Visa Preparation and Official Guidance","예약 완료 (플랫폼 예약 목록 확인)","2026-10-09 12:00","https://kr.pinterest.com/korea_trip_hub/scheduled-pin/3916481541291687040/","2026-10-05","2026-10-05/pinterest-update/scheduled-2daily-final.txt"
"Threads","korea_travel_visa_keta","첫 인사 및 사이트 소개","게시 완료 (실제 게시물 URL 확인)","","https://www.threads.com/@korea_travel_visa_keta/post/DeFuqgXE97k","2026-10-05","2026-10-05/threads/first-published.png"
"Threads","korea_travel_visa_keta","서울 vs 부산 여행 대화","예약 완료 (플랫폼 목록 확인)","2026-10-06 21:00","","2026-10-05","2026-10-05/threads/remaining-scheduled.png"
"Threads","korea_travel_visa_keta","한국 여행 준비 체크리스트","예약 완료 (플랫폼 목록 확인)","2026-10-07 21:00","","2026-10-05","2026-10-05/threads/remaining-scheduled.png"
