"key","English (source)","fil (current)","Reviewer fix","Notes"
"brand","KoreaTripHub","KoreaTripHub","",""
"nav.plan","Plan Trip","Paghahanda","",""
"nav.planner","AI Planner","AI Planner","",""
"nav.destinations","Destinations","Mga destinasyon","",""
"nav.food","Food","Pagkain","",""
"nav.reviews","Reviews","Mga review","",""
"nav.kculture","K-Culture","K-Culture","",""
"nav.map","Map","Mapa","",""
"nav.help","Help","Tulong","",""
"plan.eyebrow","Plan your trip — start here","Planuhin ang biyahe — magsimula rito","",""
"plan.sub","The 6 essentials to sort before you land in Korea.","Ang 6 na pangunahing dapat ayusin bago dumating sa Korea.","",""
"plan.tiles.visa.title","Visa & K-ETA","Visa & K-ETA","",""
"plan.tiles.visa.sub","Entry permit & visa rules","Pahintulot sa pagpasok at mga patakaran sa visa","",""
"plan.tiles.transit.title","Getting Around","Paglilibot","",""
"plan.tiles.transit.sub","T-money · subway · KTX · taxi","T-money · subway · KTX · taxi","",""
"plan.tiles.airport.title","Airport → City","Airport → lungsod","",""
"plan.tiles.airport.sub","Incheon · AREX express","Incheon · AREX express","",""
"plan.tiles.sim.title","SIM / eSIM / Wi-Fi","SIM / eSIM / Wi-Fi","",""
"plan.tiles.sim.sub","Stay connected on arrival","Konektado pagdating","",""
"plan.tiles.money.title","Money & Payment","Pera at bayad","",""
"plan.tiles.money.sub","Exchange · cards · cash","Palit · card · cash","",""
"plan.tiles.weather.title","Best Time / Weather","Pinakamagandang panahon","",""
"plan.tiles.weather.sub","When to visit & what to pack","Kailan pumunta? Ano dala?","",""
"hero.badge","AI Trip Planner — the heart of Korea Trip Hub","AI Trip Planner — ang puso ng Korea Trip Hub","",""
"hero.title_1","Pin your hotel. Pick a city.","I-pin ang hotel mo. Pumili ng lungsod.","",""
"hero.title_2","Get the whole trip planned.","At handa na ang buong biyahe.","",""
"hero.lede","Tell us where you're staying and where you want to go — say, Busan. We map the fastest way there (KTX, bus, flight) and build a day-by-day route through the city's must-see spots, starting from your door.","Sabihin kung saan ka nakatira at saan gusto mong pumunta — halimbawa, Busan. Hahanapin namin ang pinakamabilis na ruta (KTX, bus, eroplano) at gagawa ng araw-araw na ruta mula sa hotel mo.","",""
"hero.f_hotel","Your hotel / starting point","Iyong hotel / panimulang punto","",""
"hero.f_dest","Where do you want to go?","Saan mo gustong pumunta?","",""
"hero.f_days","Days","Araw","",""
"hero.f_travelers","Travelers","Manlalakbay","",""
"hero.f_style","Trip style","Istilo ng biyahe","",""
"hero.build","Build my trip","Gumawa ng biyahe","",""
"help.eyebrow","Peace of mind","Panatag ang loob","",""
"help.title","Help & Safety","Tulong at kaligtasan","",""
"help.sub","Verified essentials to save before you land — every number checked against an official source.","Mahahalagang impormasyong na-verify sa opisyal na pinagmulan, i-save bago dumating.","",""
"help.verified_on","Verified","Na-verify","",""
"help.check_official","Always confirm at the official source","Palaging tingnan sa opisyal na pinagmulan","",""
"help.embassy.title","Your embassy","Iyong embahada","",""
"help.embassy.sub","Address, phone & map by country.","Address, telepono at mapa ayon sa bansa.","",""
"help.unavailable","Being verified","Nive-verify","",""
"footer.tagline","The all-in-one hub for visiting Korea — plan, explore, eat and experience, in 20 languages.","All-in-one hub para bisitahin ang Korea — magplano, mag-explore, kumain at maranasan, sa 20 wika.","",""
"footer.disclaimer","Travel facts are checked against official sources with a verification date. Prices, schedules and visa rules change — always confirm at the linked official source before you travel.","Ang impormasyon sa biyahe ay ina-check sa opisyal na pinagmulan na may petsa ng verification. Nagbabago ang presyo, iskedyul at patakaran sa visa — palaging kumpirmahin sa naka-link na opisyal na pinagmulan bago maglakbay.","",""
"map.search","Search","Hanapin","",""
"map.placeholder","Search an address or place…","Maghanap ng address o lugar…","",""
"map.kakaoPending","KakaoMap key coming soon.","Malapit nang dumating ang KakaoMap key.","",""
"map.noResult","No result — try a full address.","Walang resulta — subukan ang buong address.","",""
"map.authFail","Naver Maps couldn't authorize — check the Client ID and registered domain.","Hindi na-authorize ang Naver Maps — tingnan ang Client ID at nakarehistrong domain.","",""
"map.loadFail","Couldn't load the map.","Hindi ma-load ang mapa.","",""
"spotify.title","Listen — K-Pop on Spotify","Makinig — K-Pop sa Spotify","",""
"spotify.sub","Trending groups and the acts fans love worldwide. Pick one to hear their top tracks.","Mga sikat na grupo at artist na mahal ng mga fan sa buong mundo. Pumili para marinig ang mga top kanta.","",""
"spotify.artists","Artists & groups","Mga artist at grupo","",""
"spotify.playlists","Curated playlists","Piling playlist","",""
"spotify.note","Free previews; full tracks with a Spotify login.","Libreng preview; buong kanta kapag naka-login sa Spotify.","",""
"planner.day","Day","Day","",""
"planner.gettingThere","Getting there","Paano makakarating","",""
"planner.morning","Morning","Umaga","",""
"planner.afternoon","Afternoon","Hapon","",""
"planner.evening","Evening","Gabi","",""
"planner.share","Share this trip","Ibahagi ang biyahe","",""
"planner.transportNote","Times and fares change — confirm with the operator.","Nagbabago ang oras at pamasahe — kumpirmahin sa operator.","",""
"dest.title","Destinations","Mga destinasyon","",""
"dest.sub","Real places, grouped by city. Popularity figures are sourced, not invented.","Totoong lugar, nakagrupo ayon sa lungsod. May pinagmulan ang mga bilang ng popularidad, hindi gawa-gawa.","",""
"dest.browseAll","All destinations","Lahat ng destinasyon","",""
"dest.whyGo","Why go","Bakit pumunta","",""
"dest.goodToKnow","Good to know","Mabuting malaman","",""
"dest.nearby","Nearby","Malapit","",""
"dest.official","Official info","Opisyal na impormasyon","",""
"food.title","Food — taste it, then make it","Pagkain — tikman, tapos gawin","",""
"food.sub","Where to eat, and hands-on classes to cook it yourself. Prices vary — we don't invent them.","Saan kakain, at mga klase para ikaw mismo magluto. Iba-iba ang presyo — hindi namin ginagawa-gawa.","",""
"food.eat","Where to eat","Saan kakain","",""
"food.make","Making experiences","Mga karanasan sa paggawa","",""
"food.tips","Good to know","Mabuting malaman","",""
"food.browseAll","All food & experiences","Lahat ng pagkain at karanasan","",""
"reviews.title","Reviews, by category & language","Mga review — ayon sa kategorya at wika","",""
"reviews.sub","Real traveler reviews — filter by topic, and see them in your language first. Moderated, never fabricated.","Totoong review ng manlalakbay — i-filter ayon sa paksa, ipinapakita muna sa iyong wika. Nirerepaso, hindi kailanman gawa-gawa.","",""
"reviews.all","All","Lahat","",""
"reviews.catDest","🏛️ Destinations","🏛️ Mga destinasyon","",""
"reviews.catFood","🥢 Food & experiences","🥢 Pagkain at karanasan","",""
"reviews.catKculture","🎤 K-Culture","🎤 K-Culture","",""
"reviews.catTransport","🚄 Transport","🚄 Transportasyon","",""
"reviews.empty","No reviews yet — be the first to share your Korea trip.","Wala pang review — maging una na magbahagi ng biyahe mo sa Korea.","",""
"reviews.cta","Write a review","Magsulat ng review","",""
"reviews.ctaSoon","Review submissions open soon","Malapit nang magbukas ang pag-submit ng review","",""
"factsUI.verified_facts","Verified facts","Na-verify na impormasyon","",""
"factsUI.good_to_know","Good to know","Mabuting malaman","",""
"factsUI.official_sources","Official sources","Opisyal na pinagmulan","",""
"factsUI.source","Source","Pinagmulan","",""
"factsUI.confirm","⚠ Prices/rules change — confirm at source","⚠ Nagbabago ang presyo/patakaran — kumpirmahin sa opisyal na pinagmulan","",""
"factLabels.exempt_until","Exempt until","Exempt hanggang","",""
"factLabels.earrival_card","e-Arrival Card","e-Arrival Card","",""
"factLabels.age_exempt","Age exempt","Exemption ayon sa edad","",""
"factLabels.number","Number","Numero","",""
"factLabels.hours","Hours","Oras ng serbisyo","",""
"factLabels.languages","Languages","Mga wika","",""
"factLabels.fare_krw_each_way","Fare (each way)","Isang biyahe","",""
"factLabels.minutes","Minutes","Tagal (min)","",""
"factLabels.type","Type","Uri","",""
"factLabels.frequency","Frequency","Dalas","",""
"factLabels.fare_krw","Fare (KRW)","Pamasahe (KRW)","",""
"factLabels.pay","Payment","Bayad","",""
"factLabels.stores","Where to buy","Saan bibili","",""
"factLabels.basic_krw","Basic card (KRW)","Basic card (KRW)","",""
"factLabels.design_krw","Design edition (KRW)","Design edition (KRW)","",""
"factLabels.card_refundable","Card refundable","Refund ng card","",""
"factLabels.fare_krw_standard","Standard fare (KRW)","Standard class fare (KRW)","",""
"factLabels.duration","Duration","Tagal","",""
"factLabels.booking","Booking","Booking","",""
"factLabels.best","Best seasons","Pinakamagandang panahon","",""
"factLabels.summer","Summer","Tag-init","",""
"factLabels.winter","Winter","Taglamig","",""
"factLabels.currency","Currency","Pera","",""
"factLabels.code","Code","Code","",""
"factLabels.symbol","Symbol","Simbolo","",""
"factLabels.tipping","Tipping","Tip","",""