"key","English (source)","hi (current)","Reviewer fix","Notes"
"brand","KoreaTripHub","KoreaTripHub","",""
"nav.plan","Plan Trip","तैयारी","",""
"nav.planner","AI Planner","AI योजनाकार","",""
"nav.destinations","Destinations","गंतव्य","",""
"nav.food","Food","खाना","",""
"nav.reviews","Reviews","समीक्षाएँ","",""
"nav.kculture","K-Culture","K-Culture","",""
"nav.map","Map","नक्शा","",""
"nav.help","Help","सहायता","",""
"plan.eyebrow","Plan your trip — start here","अपनी यात्रा की योजना बनाएँ — यहाँ से शुरू करें","",""
"plan.sub","The 6 essentials to sort before you land in Korea.","कोरिया पहुँचने से पहले तय करने योग्य 6 बुनियादी बातें।","",""
"plan.tiles.visa.title","Visa & K-ETA","वीज़ा और K-ETA","",""
"plan.tiles.visa.sub","Entry permit & visa rules","प्रवेश अनुमति और वीज़ा नियम","",""
"plan.tiles.transit.title","Getting Around","आवागमन","",""
"plan.tiles.transit.sub","T-money · subway · KTX · taxi","T-money · मेट्रो · KTX · टैक्सी","",""
"plan.tiles.airport.title","Airport → City","हवाई अड्डा → शहर","",""
"plan.tiles.airport.sub","Incheon · AREX express","इंचियोन · AREX एक्सप्रेस","",""
"plan.tiles.sim.title","SIM / eSIM / Wi-Fi","SIM / eSIM / Wi-Fi","",""
"plan.tiles.sim.sub","Stay connected on arrival","पहुँचते ही ऑनलाइन","",""
"plan.tiles.money.title","Money & Payment","पैसा और भुगतान","",""
"plan.tiles.money.sub","Exchange · cards · cash","विनिमय · कार्ड · नकद","",""
"plan.tiles.weather.title","Best Time / Weather","सबसे अच्छा समय और मौसम","",""
"plan.tiles.weather.sub","When to visit & what to pack","कब जाएँ? क्या ले जाएँ?","",""
"hero.badge","AI Trip Planner — the heart of Korea Trip Hub","AI यात्रा योजनाकार — Korea Trip Hub का दिल","",""
"hero.title_1","Pin your hotel. Pick a city.","अपना होटल चुनें। शहर चुनें।","",""
"hero.title_2","Get the whole trip planned.","और पूरी यात्रा तैयार।","",""
"hero.lede","Tell us where you're staying and where you want to go — say, Busan. We map the fastest way there (KTX, bus, flight) and build a day-by-day route through the city's must-see spots, starting from your door.","बताएँ कि आप कहाँ ठहरे हैं और कहाँ जाना चाहते हैं — जैसे बुसान। हम सबसे तेज़ रास्ता (KTX, बस, फ़्लाइट) ढूँढते हैं और आपके होटल से शुरू कर दिन-प्रतिदिन का रूट बनाते हैं।","",""
"hero.f_hotel","Your hotel / starting point","आपका होटल / शुरुआती स्थान","",""
"hero.f_dest","Where do you want to go?","कहाँ जाना चाहते हैं?","",""
"hero.f_days","Days","दिन","",""
"hero.f_travelers","Travelers","यात्री","",""
"hero.f_style","Trip style","यात्रा शैली","",""
"hero.build","Build my trip","यात्रा बनाएँ","",""
"help.eyebrow","Peace of mind","निश्चिंतता","",""
"help.title","Help & Safety","सहायता और सुरक्षा","",""
"help.sub","Verified essentials to save before you land — every number checked against an official source.","पहुँचने से पहले सहेजने लायक, आधिकारिक स्रोतों से जाँची गई ज़रूरी जानकारी।","",""
"help.verified_on","Verified","सत्यापित","",""
"help.check_official","Always confirm at the official source","हमेशा आधिकारिक स्रोत पर पुष्टि करें","",""
"help.embassy.title","Your embassy","आपका दूतावास","",""
"help.embassy.sub","Address, phone & map by country.","देश के अनुसार पता, फ़ोन और नक्शा।","",""
"help.unavailable","Being verified","सत्यापन जारी","",""
"footer.tagline","The all-in-one hub for visiting Korea — plan, explore, eat and experience, in 20 languages.","कोरिया घूमने के लिए ऑल-इन-वन हब — योजना, खोज, खाना और अनुभव, 20 भाषाओं में।","",""
"footer.disclaimer","Travel facts are checked against official sources with a verification date. Prices, schedules and visa rules change — always confirm at the linked official source before you travel.","यात्रा जानकारी आधिकारिक स्रोतों से जाँची जाती है और सत्यापन तिथि दी जाती है। कीमतें, समय-सारणी और वीज़ा नियम बदलते हैं — यात्रा से पहले हमेशा दिए गए आधिकारिक स्रोत पर पुष्टि करें।","",""
"map.search","Search","खोजें","",""
"map.placeholder","Search an address or place…","पता या स्थान खोजें…","",""
"map.kakaoPending","KakaoMap key coming soon.","KakaoMap कुंजी जल्द आएगी।","",""
"map.noResult","No result — try a full address.","कोई परिणाम नहीं — पूरा पता आज़माएँ।","",""
"map.authFail","Naver Maps couldn't authorize — check the Client ID and registered domain.","Naver Maps अधिकृत नहीं हो सका — Client ID और पंजीकृत डोमेन जाँचें।","",""
"map.loadFail","Couldn't load the map.","नक्शा लोड नहीं हो सका।","",""
"spotify.title","Listen — K-Pop on Spotify","सुनें — Spotify पर K-Pop","",""
"spotify.sub","Trending groups and the acts fans love worldwide. Pick one to hear their top tracks.","ट्रेंडिंग ग्रुप और दुनिया भर के फैंस के पसंदीदा कलाकार। सुनने के लिए एक चुनें।","",""
"spotify.artists","Artists & groups","कलाकार और ग्रुप","",""
"spotify.playlists","Curated playlists","चुनी हुई प्लेलिस्ट","",""
"spotify.note","Free previews; full tracks with a Spotify login.","मुफ़्त प्रीव्यू; पूरे गाने Spotify लॉगिन पर।","",""
"planner.day","Day","Day","",""
"planner.gettingThere","Getting there","कैसे पहुँचें","",""
"planner.morning","Morning","सुबह","",""
"planner.afternoon","Afternoon","दोपहर","",""
"planner.evening","Evening","शाम","",""
"planner.share","Share this trip","यात्रा साझा करें","",""
"planner.transportNote","Times and fares change — confirm with the operator.","समय और किराया बदलते हैं — ऑपरेटर से पुष्टि करें।","",""
"dest.title","Destinations","गंतव्य","",""
"dest.sub","Real places, grouped by city. Popularity figures are sourced, not invented.","असली जगहें, शहर के अनुसार। लोकप्रियता के आँकड़े स्रोत सहित हैं, मनगढ़ंत नहीं।","",""
"dest.browseAll","All destinations","सभी गंतव्य","",""
"dest.whyGo","Why go","क्यों जाएँ","",""
"dest.goodToKnow","Good to know","जानना अच्छा","",""
"dest.nearby","Nearby","आस-पास","",""
"dest.official","Official info","आधिकारिक जानकारी","",""
"food.title","Food — taste it, then make it","खाना — चखें, फिर खुद बनाएँ","",""
"food.sub","Where to eat, and hands-on classes to cook it yourself. Prices vary — we don't invent them.","कहाँ खाएँ, और खुद पकाने की क्लास। कीमतें अलग-अलग — हम मनगढ़ंत नहीं बताते।","",""
"food.eat","Where to eat","कहाँ खाएँ","",""
"food.make","Making experiences","बनाने के अनुभव","",""
"food.tips","Good to know","जानना अच्छा","",""
"food.browseAll","All food & experiences","सभी खाना और अनुभव","",""
"reviews.title","Reviews, by category & language","समीक्षाएँ — श्रेणी और भाषा अनुसार","",""
"reviews.sub","Real traveler reviews — filter by topic, and see them in your language first. Moderated, never fabricated.","यात्रियों की असली समीक्षाएँ — विषय अनुसार छाँटें, आपकी भाषा पहले। मॉडरेट, कभी मनगढ़ंत नहीं।","",""
"reviews.all","All","सभी","",""
"reviews.catDest","🏛️ Destinations","🏛️ गंतव्य","",""
"reviews.catFood","🥢 Food & experiences","🥢 खाना और अनुभव","",""
"reviews.catKculture","🎤 K-Culture","🎤 K-Culture","",""
"reviews.catTransport","🚄 Transport","🚄 परिवहन","",""
"reviews.empty","No reviews yet — be the first to share your Korea trip.","अभी कोई समीक्षा नहीं — अपनी कोरिया यात्रा साझा करने वाले पहले बनें।","",""
"reviews.cta","Write a review","समीक्षा लिखें","",""
"reviews.ctaSoon","Review submissions open soon","समीक्षा सबमिशन जल्द खुलेगा","",""
"factsUI.verified_facts","Verified facts","सत्यापित जानकारी","",""
"factsUI.good_to_know","Good to know","जानना अच्छा","",""
"factsUI.official_sources","Official sources","आधिकारिक स्रोत","",""
"factsUI.source","Source","स्रोत","",""
"factsUI.confirm","⚠ Prices/rules change — confirm at source","⚠ कीमतें/नियम बदलते हैं — आधिकारिक स्रोत पर पुष्टि करें","",""
"factLabels.exempt_until","Exempt until","छूट अंतिम तिथि","",""
"factLabels.earrival_card","e-Arrival Card","e-Arrival Card","",""
"factLabels.age_exempt","Age exempt","आयु छूट","",""
"factLabels.number","Number","नंबर","",""
"factLabels.hours","Hours","सेवा समय","",""
"factLabels.languages","Languages","भाषाएँ","",""
"factLabels.fare_krw_each_way","Fare (each way)","एकतरफ़ा किराया","",""
"factLabels.minutes","Minutes","समय (मिनट)","",""
"factLabels.type","Type","प्रकार","",""
"factLabels.frequency","Frequency","आवृत्ति","",""
"factLabels.fare_krw","Fare (KRW)","किराया (KRW)","",""
"factLabels.pay","Payment","भुगतान","",""
"factLabels.stores","Where to buy","कहाँ खरीदें","",""
"factLabels.basic_krw","Basic card (KRW)","बेसिक कार्ड (KRW)","",""
"factLabels.design_krw","Design edition (KRW)","डिज़ाइन संस्करण (KRW)","",""
"factLabels.card_refundable","Card refundable","कार्ड रिफंड","",""
"factLabels.fare_krw_standard","Standard fare (KRW)","स्टैंडर्ड क्लास किराया (KRW)","",""
"factLabels.duration","Duration","अवधि","",""
"factLabels.booking","Booking","बुकिंग","",""
"factLabels.best","Best seasons","सर्वोत्तम मौसम","",""
"factLabels.summer","Summer","गर्मी","",""
"factLabels.winter","Winter","सर्दी","",""
"factLabels.currency","Currency","मुद्रा","",""
"factLabels.code","Code","कोड","",""
"factLabels.symbol","Symbol","चिह्न","",""
"factLabels.tipping","Tipping","टिप","",""