"key","English (source)","ms (current)","Reviewer fix","Notes"
"brand","KoreaTripHub","KoreaTripHub","",""
"nav.plan","Plan Trip","Persediaan","",""
"nav.planner","AI Planner","Perancang AI","",""
"nav.destinations","Destinations","Destinasi","",""
"nav.food","Food","Makanan","",""
"nav.reviews","Reviews","Ulasan","",""
"nav.kculture","K-Culture","K-Culture","",""
"nav.map","Map","Peta","",""
"nav.help","Help","Bantuan","",""
"plan.eyebrow","Plan your trip — start here","Rancang perjalanan — mula di sini","",""
"plan.sub","The 6 essentials to sort before you land in Korea.","6 perkara asas untuk diselesaikan sebelum tiba di Korea.","",""
"plan.tiles.visa.title","Visa & K-ETA","Visa & K-ETA","",""
"plan.tiles.visa.sub","Entry permit & visa rules","Kebenaran masuk & peraturan visa","",""
"plan.tiles.transit.title","Getting Around","Pengangkutan","",""
"plan.tiles.transit.sub","T-money · subway · KTX · taxi","T-money · subway · KTX · teksi","",""
"plan.tiles.airport.title","Airport → City","Lapangan terbang → bandar","",""
"plan.tiles.airport.sub","Incheon · AREX express","Incheon · AREX ekspres","",""
"plan.tiles.sim.title","SIM / eSIM / Wi-Fi","SIM / eSIM / Wi-Fi","",""
"plan.tiles.sim.sub","Stay connected on arrival","Terus dalam talian ketika tiba","",""
"plan.tiles.money.title","Money & Payment","Wang & bayaran","",""
"plan.tiles.money.sub","Exchange · cards · cash","Tukaran · kad · tunai","",""
"plan.tiles.weather.title","Best Time / Weather","Masa terbaik & cuaca","",""
"plan.tiles.weather.sub","When to visit & what to pack","Bila pergi? Bawa apa?","",""
"hero.badge","AI Trip Planner — the heart of Korea Trip Hub","Perancang Perjalanan AI — nadi Korea Trip Hub","",""
"hero.title_1","Pin your hotel. Pick a city.","Tanda hotel anda. Pilih bandar.","",""
"hero.title_2","Get the whole trip planned.","Dan seluruh perjalanan siap.","",""
"hero.lede","Tell us where you're staying and where you want to go — say, Busan. We map the fastest way there (KTX, bus, flight) and build a day-by-day route through the city's must-see spots, starting from your door.","Beritahu kami di mana anda menginap dan ke mana anda mahu pergi — contohnya Busan. Kami cari laluan terpantas (KTX, bas, penerbangan) dan bina laluan harian bermula dari hotel anda.","",""
"hero.f_hotel","Your hotel / starting point","Hotel anda / titik permulaan","",""
"hero.f_dest","Where do you want to go?","Ke mana anda mahu pergi?","",""
"hero.f_days","Days","Hari","",""
"hero.f_travelers","Travelers","Pengembara","",""
"hero.f_style","Trip style","Gaya perjalanan","",""
"hero.build","Build my trip","Cipta perjalanan","",""
"help.eyebrow","Peace of mind","Tenang","",""
"help.title","Help & Safety","Bantuan & keselamatan","",""
"help.sub","Verified essentials to save before you land — every number checked against an official source.","Maklumat penting yang disahkan dengan sumber rasmi, simpan sebelum tiba.","",""
"help.verified_on","Verified","Disahkan","",""
"help.check_official","Always confirm at the official source","Sentiasa sahkan di sumber rasmi","",""
"help.embassy.title","Your embassy","Kedutaan anda","",""
"help.embassy.sub","Address, phone & map by country.","Alamat, telefon & peta mengikut negara.","",""
"help.unavailable","Being verified","Sedang disahkan","",""
"footer.tagline","The all-in-one hub for visiting Korea — plan, explore, eat and experience, in 20 languages.","Hab serba lengkap untuk melawat Korea — rancang, terokai, makan dan alami, dalam 20 bahasa.","",""
"footer.disclaimer","Travel facts are checked against official sources with a verification date. Prices, schedules and visa rules change — always confirm at the linked official source before you travel.","Maklumat perjalanan disemak dengan sumber rasmi berserta tarikh pengesahan. Harga, jadual dan peraturan visa berubah — sentiasa sahkan di sumber rasmi yang dipautkan sebelum melancong.","",""
"map.search","Search","Cari","",""
"map.placeholder","Search an address or place…","Cari alamat atau tempat…","",""
"map.kakaoPending","KakaoMap key coming soon.","Kunci KakaoMap akan datang.","",""
"map.noResult","No result — try a full address.","Tiada hasil — cuba alamat penuh.","",""
"map.authFail","Naver Maps couldn't authorize — check the Client ID and registered domain.","Naver Maps gagal mengesahkan — semak Client ID dan domain berdaftar.","",""
"map.loadFail","Couldn't load the map.","Gagal memuatkan peta.","",""
"spotify.title","Listen — K-Pop on Spotify","Dengar — K-Pop di Spotify","",""
"spotify.sub","Trending groups and the acts fans love worldwide. Pick one to hear their top tracks.","Kumpulan sedang popular dan artis kegemaran peminat seluruh dunia. Pilih untuk mendengar lagu terbaik.","",""
"spotify.artists","Artists & groups","Artis & kumpulan","",""
"spotify.playlists","Curated playlists","Senarai main pilihan","",""
"spotify.note","Free previews; full tracks with a Spotify login.","Pratonton percuma; lagu penuh dengan log masuk Spotify.","",""
"planner.day","Day","Day","",""
"planner.gettingThere","Getting there","Cara ke sana","",""
"planner.morning","Morning","Pagi","",""
"planner.afternoon","Afternoon","Tengah hari","",""
"planner.evening","Evening","Malam","",""
"planner.share","Share this trip","Kongsi perjalanan","",""
"planner.transportNote","Times and fares change — confirm with the operator.","Masa dan tambang berubah — sahkan dengan pengendali.","",""
"dest.title","Destinations","Destinasi","",""
"dest.sub","Real places, grouped by city. Popularity figures are sourced, not invented.","Tempat sebenar, dikumpulkan mengikut bandar. Angka populariti bersumber, bukan rekaan.","",""
"dest.browseAll","All destinations","Semua destinasi","",""
"dest.whyGo","Why go","Kenapa pergi","",""
"dest.goodToKnow","Good to know","Baik untuk tahu","",""
"dest.nearby","Nearby","Berdekatan","",""
"dest.official","Official info","Maklumat rasmi","",""
"food.title","Food — taste it, then make it","Makanan — rasa, kemudian buat sendiri","",""
"food.sub","Where to eat, and hands-on classes to cook it yourself. Prices vary — we don't invent them.","Di mana makan, dan kelas untuk masak sendiri. Harga berbeza — kami tidak mereka-reka.","",""
"food.eat","Where to eat","Di mana makan","",""
"food.make","Making experiences","Pengalaman membuat","",""
"food.tips","Good to know","Baik untuk tahu","",""
"food.browseAll","All food & experiences","Semua makanan & pengalaman","",""
"reviews.title","Reviews, by category & language","Ulasan — mengikut kategori & bahasa","",""
"reviews.sub","Real traveler reviews — filter by topic, and see them in your language first. Moderated, never fabricated.","Ulasan sebenar pengembara — tapis mengikut topik, dipaparkan dalam bahasa anda dahulu. Dikawal selia, tidak pernah direka.","",""
"reviews.all","All","Semua","",""
"reviews.catDest","🏛️ Destinations","🏛️ Destinasi","",""
"reviews.catFood","🥢 Food & experiences","🥢 Makanan & pengalaman","",""
"reviews.catKculture","🎤 K-Culture","🎤 K-Culture","",""
"reviews.catTransport","🚄 Transport","🚄 Pengangkutan","",""
"reviews.empty","No reviews yet — be the first to share your Korea trip.","Belum ada ulasan — jadilah yang pertama berkongsi perjalanan Korea anda.","",""
"reviews.cta","Write a review","Tulis ulasan","",""
"reviews.ctaSoon","Review submissions open soon","Penghantaran ulasan akan dibuka","",""
"factsUI.verified_facts","Verified facts","Maklumat disahkan","",""
"factsUI.good_to_know","Good to know","Baik untuk tahu","",""
"factsUI.official_sources","Official sources","Sumber rasmi","",""
"factsUI.source","Source","Sumber","",""
"factsUI.confirm","⚠ Prices/rules change — confirm at source","⚠ Harga/peraturan berubah — sahkan di sumber rasmi","",""
"factLabels.exempt_until","Exempt until","Dikecualikan hingga","",""
"factLabels.earrival_card","e-Arrival Card","e-Arrival Card","",""
"factLabels.age_exempt","Age exempt","Pengecualian umur","",""
"factLabels.number","Number","Nombor","",""
"factLabels.hours","Hours","Waktu perkhidmatan","",""
"factLabels.languages","Languages","Bahasa","",""
"factLabels.fare_krw_each_way","Fare (each way)","Sehala","",""
"factLabels.minutes","Minutes","Masa (min)","",""
"factLabels.type","Type","Jenis","",""
"factLabels.frequency","Frequency","Kekerapan","",""
"factLabels.fare_krw","Fare (KRW)","Tambang (KRW)","",""
"factLabels.pay","Payment","Bayaran","",""
"factLabels.stores","Where to buy","Beli di mana","",""
"factLabels.basic_krw","Basic card (KRW)","Kad asas (KRW)","",""
"factLabels.design_krw","Design edition (KRW)","Edisi reka bentuk (KRW)","",""
"factLabels.card_refundable","Card refundable","Bayaran balik kad","",""
"factLabels.fare_krw_standard","Standard fare (KRW)","Tambang kelas standard (KRW)","",""
"factLabels.duration","Duration","Tempoh","",""
"factLabels.booking","Booking","Tempahan","",""
"factLabels.best","Best seasons","Musim terbaik","",""
"factLabels.summer","Summer","Musim panas","",""
"factLabels.winter","Winter","Musim sejuk","",""
"factLabels.currency","Currency","Mata wang","",""
"factLabels.code","Code","Kod","",""
"factLabels.symbol","Symbol","Simbol","",""
"factLabels.tipping","Tipping","Tip","",""