"key","English (source)","th (current)","Reviewer fix","Notes"
"brand","KoreaTripHub","KoreaTripHub","",""
"nav.plan","Plan Trip","เตรียมตัว","",""
"nav.planner","AI Planner","แผนเที่ยว AI","",""
"nav.destinations","Destinations","จุดหมาย","",""
"nav.food","Food","อาหาร","",""
"nav.reviews","Reviews","รีวิว","",""
"nav.kculture","K-Culture","K-Culture","",""
"nav.map","Map","แผนที่","",""
"nav.help","Help","ช่วยเหลือ","",""
"plan.eyebrow","Plan your trip — start here","วางแผนเที่ยว — เริ่มที่นี่","",""
"plan.sub","The 6 essentials to sort before you land in Korea.","6 เรื่องพื้นฐานที่ควรจัดการก่อนถึงเกาหลี","",""
"plan.tiles.visa.title","Visa & K-ETA","วีซ่า & K-ETA","",""
"plan.tiles.visa.sub","Entry permit & visa rules","ใบอนุญาตเข้าเมือง & กฎวีซ่า","",""
"plan.tiles.transit.title","Getting Around","การเดินทาง","",""
"plan.tiles.transit.sub","T-money · subway · KTX · taxi","T-money · รถไฟใต้ดิน · KTX · แท็กซี่","",""
"plan.tiles.airport.title","Airport → City","สนามบิน → เมือง","",""
"plan.tiles.airport.sub","Incheon · AREX express","อินชอน · AREX ด่วน","",""
"plan.tiles.sim.title","SIM / eSIM / Wi-Fi","SIM / eSIM / Wi-Fi","",""
"plan.tiles.sim.sub","Stay connected on arrival","เชื่อมต่อทันทีที่มาถึง","",""
"plan.tiles.money.title","Money & Payment","เงิน & การจ่าย","",""
"plan.tiles.money.sub","Exchange · cards · cash","แลกเงิน · บัตร · เงินสด","",""
"plan.tiles.weather.title","Best Time / Weather","ช่วงเวลา & อากาศ","",""
"plan.tiles.weather.sub","When to visit & what to pack","ไปเมื่อไหร่? เตรียมอะไร?","",""
"hero.badge","AI Trip Planner — the heart of Korea Trip Hub","แผนเที่ยว AI — หัวใจของ Korea Trip Hub","",""
"hero.title_1","Pin your hotel. Pick a city.","ปักหมุดโรงแรม เลือกเมือง","",""
"hero.title_2","Get the whole trip planned.","แล้วจัดทริปให้ครบ","",""
"hero.lede","Tell us where you're staying and where you want to go — say, Busan. We map the fastest way there (KTX, bus, flight) and build a day-by-day route through the city's must-see spots, starting from your door.","บอกเราว่าคุณพักที่ไหนและอยากไปไหน — เช่น ปูซาน เราจะหาเส้นทางที่เร็วที่สุด (KTX, รถบัส, เครื่องบิน) และจัดเส้นทางเที่ยวรายวันรอบจุดเด่น โดยเริ่มจากโรงแรมของคุณ","",""
"hero.f_hotel","Your hotel / starting point","โรงแรม / จุดเริ่มต้น","",""
"hero.f_dest","Where do you want to go?","อยากไปที่ไหน?","",""
"hero.f_days","Days","จำนวนวัน","",""
"hero.f_travelers","Travelers","จำนวนคน","",""
"hero.f_style","Trip style","สไตล์การเที่ยว","",""
"hero.build","Build my trip","สร้างแผนเที่ยว","",""
"help.eyebrow","Peace of mind","อุ่นใจ","",""
"help.title","Help & Safety","ช่วยเหลือ & ความปลอดภัย","",""
"help.sub","Verified essentials to save before you land — every number checked against an official source.","ข้อมูลสำคัญที่ตรวจสอบกับแหล่งทางการแล้ว ควรบันทึกไว้ก่อนมาถึง","",""
"help.verified_on","Verified","ตรวจสอบเมื่อ","",""
"help.check_official","Always confirm at the official source","ตรวจสอบล่าสุดที่แหล่งทางการเสมอ","",""
"help.embassy.title","Your embassy","สถานทูตของคุณ","",""
"help.embassy.sub","Address, phone & map by country.","ที่อยู่ โทรศัพท์ & แผนที่ แยกตามประเทศ","",""
"help.unavailable","Being verified","กำลังตรวจสอบ","",""
"footer.tagline","The all-in-one hub for visiting Korea — plan, explore, eat and experience, in 20 languages.","ศูนย์รวมครบวงจรสำหรับเที่ยวเกาหลี — วางแผน สำรวจ กิน และสัมผัสประสบการณ์ ใน 20 ภาษา","",""
"footer.disclaimer","Travel facts are checked against official sources with a verification date. Prices, schedules and visa rules change — always confirm at the linked official source before you travel.","ข้อมูลท่องเที่ยวตรวจสอบกับแหล่งทางการพร้อมวันที่ตรวจสอบ ราคา ตารางเวลา และกฎวีซ่าเปลี่ยนแปลงได้ — โปรดยืนยันที่แหล่งทางการที่ลิงก์ไว้ก่อนเดินทางเสมอ","",""
"map.search","Search","ค้นหา","",""
"map.placeholder","Search an address or place…","ค้นหาที่อยู่หรือสถานที่…","",""
"map.kakaoPending","KakaoMap key coming soon.","คีย์ KakaoMap กำลังจะมา","",""
"map.noResult","No result — try a full address.","ไม่พบผลลัพธ์ — ลองใส่ที่อยู่เต็ม","",""
"map.authFail","Naver Maps couldn't authorize — check the Client ID and registered domain.","Naver Maps ยืนยันตัวตนไม่ได้ — ตรวจสอบ Client ID และโดเมนที่ลงทะเบียน","",""
"map.loadFail","Couldn't load the map.","โหลดแผนที่ไม่ได้","",""
"spotify.title","Listen — K-Pop on Spotify","ฟังเพลง — K-Pop บน Spotify","",""
"spotify.sub","Trending groups and the acts fans love worldwide. Pick one to hear their top tracks.","วงที่กำลังมาแรงและศิลปินที่แฟนทั่วโลกรัก เลือกเพื่อฟังเพลงเด่น","",""
"spotify.artists","Artists & groups","ศิลปิน & วง","",""
"spotify.playlists","Curated playlists","เพลย์ลิสต์คัดสรร","",""
"spotify.note","Free previews; full tracks with a Spotify login.","ฟังตัวอย่างฟรี; เพลงเต็มเมื่อเข้าสู่ระบบ Spotify","",""
"planner.day","Day","Day","",""
"planner.gettingThere","Getting there","การเดินทาง","",""
"planner.morning","Morning","เช้า","",""
"planner.afternoon","Afternoon","บ่าย","",""
"planner.evening","Evening","เย็น","",""
"planner.share","Share this trip","แชร์แผนเที่ยว","",""
"planner.transportNote","Times and fares change — confirm with the operator.","เวลาและค่าโดยสารเปลี่ยนได้ — โปรดยืนยันกับผู้ให้บริการ","",""
"dest.title","Destinations","จุดหมาย","",""
"dest.sub","Real places, grouped by city. Popularity figures are sourced, not invented.","สถานที่จริง จัดตามเมือง ตัวเลขความนิยมมีแหล่งอ้างอิง ไม่ได้แต่งขึ้น","",""
"dest.browseAll","All destinations","จุดหมายทั้งหมด","",""
"dest.whyGo","Why go","ทำไมต้องไป","",""
"dest.goodToKnow","Good to know","ควรรู้","",""
"dest.nearby","Nearby","ใกล้เคียง","",""
"dest.official","Official info","ข้อมูลทางการ","",""
"food.title","Food — taste it, then make it","อาหาร — ชิม แล้วลองทำ","",""
"food.sub","Where to eat, and hands-on classes to cook it yourself. Prices vary — we don't invent them.","กินที่ไหน และคลาสลงมือทำเอง ราคาต่างกันไป — เราไม่แต่งขึ้น","",""
"food.eat","Where to eat","กินที่ไหน","",""
"food.make","Making experiences","ประสบการณ์ลงมือทำ","",""
"food.tips","Good to know","ควรรู้","",""
"food.browseAll","All food & experiences","อาหาร & ประสบการณ์ทั้งหมด","",""
"reviews.title","Reviews, by category & language","รีวิว — ตามหมวดและภาษา","",""
"reviews.sub","Real traveler reviews — filter by topic, and see them in your language first. Moderated, never fabricated.","รีวิวจริงจากนักท่องเที่ยว — กรองตามหัวข้อ และแสดงภาษาของคุณก่อน ผ่านการตรวจสอบ ไม่แต่งขึ้น","",""
"reviews.all","All","ทั้งหมด","",""
"reviews.catDest","🏛️ Destinations","🏛️ จุดหมาย","",""
"reviews.catFood","🥢 Food & experiences","🥢 อาหาร & ประสบการณ์","",""
"reviews.catKculture","🎤 K-Culture","🎤 K-Culture","",""
"reviews.catTransport","🚄 Transport","🚄 การเดินทาง","",""
"reviews.empty","No reviews yet — be the first to share your Korea trip.","ยังไม่มีรีวิว — มาเป็นคนแรกที่แชร์ทริปเกาหลีของคุณ","",""
"reviews.cta","Write a review","เขียนรีวิว","",""
"reviews.ctaSoon","Review submissions open soon","ระบบส่งรีวิวกำลังจะเปิด","",""
"factsUI.verified_facts","Verified facts","ข้อมูลที่ตรวจสอบแล้ว","",""
"factsUI.good_to_know","Good to know","ควรรู้","",""
"factsUI.official_sources","Official sources","แหล่งทางการ","",""
"factsUI.source","Source","ที่มา","",""
"factsUI.confirm","⚠ Prices/rules change — confirm at source","⚠ ราคา/กฎเปลี่ยนได้ — ยืนยันที่แหล่งทางการ","",""
"factLabels.exempt_until","Exempt until","ยกเว้นถึง","",""
"factLabels.earrival_card","e-Arrival Card","e-Arrival Card","",""
"factLabels.age_exempt","Age exempt","ยกเว้นตามอายุ","",""
"factLabels.number","Number","หมายเลข","",""
"factLabels.hours","Hours","เวลาทำการ","",""
"factLabels.languages","Languages","ภาษา","",""
"factLabels.fare_krw_each_way","Fare (each way)","ค่าโดยสารเที่ยวเดียว","",""
"factLabels.minutes","Minutes","เวลา (นาที)","",""
"factLabels.type","Type","ประเภท","",""
"factLabels.frequency","Frequency","ความถี่","",""
"factLabels.fare_krw","Fare (KRW)","ค่าโดยสาร (KRW)","",""
"factLabels.pay","Payment","การชำระเงิน","",""
"factLabels.stores","Where to buy","ซื้อที่ไหน","",""
"factLabels.basic_krw","Basic card (KRW)","บัตรพื้นฐาน (KRW)","",""
"factLabels.design_krw","Design edition (KRW)","รุ่นดีไซน์ (KRW)","",""
"factLabels.card_refundable","Card refundable","คืนเงินค่าบัตร","",""
"factLabels.fare_krw_standard","Standard fare (KRW)","ค่าโดยสารชั้นธรรมดา (KRW)","",""
"factLabels.duration","Duration","ระยะเวลา","",""
"factLabels.booking","Booking","การจอง","",""
"factLabels.best","Best seasons","ฤดูที่ดีที่สุด","",""
"factLabels.summer","Summer","ฤดูร้อน","",""
"factLabels.winter","Winter","ฤดูหนาว","",""
"factLabels.currency","Currency","สกุลเงิน","",""
"factLabels.code","Code","รหัส","",""
"factLabels.symbol","Symbol","สัญลักษณ์","",""
"factLabels.tipping","Tipping","ทิป","",""